{
"lengthUnit": "mil",
"components": {
	"fields": ["COMPONENT_NO", "COMPONENT_NAME", "LAYER", "X_COORDINATE", "Y_COORDINATE", "ANGLE"],
	"rows": [
		[1, "C1", "T", 930, -1585, 180],
		[2, "C2", "T", 760, -1580, 180],
		[3, "CN1", "T", 1300, -1390, 270],
		[4, "R1", "T", 1190, -1150, 90],
		[5, "R2", "T", 735, -1235, 270],
		[6, "R3", "T", 735, -1445, 90],
		[7, "SW2", "T", 1335, -1165, 0],
		[8, "U1", "T", 940, -1320, 90],
		[9, "USB4", "T", 560, -1365, 270]
	]
},
"pins": {
	"fields": ["PIN_NO", "PIN_NAME", "PIN_X", "PIN_Y", "LAYER", "PIN_TYPE", "NET_NAME", "NET_TYPE", "PAD_SHAPE", "PAD_SIZEX", "PAD_SIZEY", "HOLE_SIZE", "PAD_ANGLE"],
	"rows": [
		[1, "C1_1", 957.56, -1585, "T", "SMD", "GND", "GND", "R", 31.5, 35.43, 0, 180],
		[2, "C1_2", 902.44, -1585, "T", "SMD", "$1N574", "", "R", 31.5, 35.43, 0, 180],
		[3, "C2_1", 787.56, -1580, "T", "SMD", "VCC", "", "R", 31.5, 35.43, 0, 180],
		[4, "C2_2", 732.44, -1580, "T", "SMD", "GND", "GND", "R", 31.5, 35.43, 0, 180],
		[5, "CN1_1", 1140.55, -1271.89, "T", "SMD", "CN1_1", "", "R", 118.11, 55.12, 0, 270],
		[6, "CN1_2", 1459.45, -1508.11, "T", "SMD", "GND", "GND", "R", 118.11, 55.12, 0, 270],
		[7, "CN1_3", 1341.34, -1508.11, "T", "SMD", "SW2", "", "R", 118.11, 55.12, 0, 270],
		[8, "CN1_4", 1183.86, -1508.11, "T", "SMD", "SW1", "", "R", 118.11, 55.12, 0, 270],
		[9, "R1_1", 1190, -1179.66, "T", "SMD", "$1N568", "", "R", 31.75, 34.02, 0, 90],
		[10, "R1_2", 1190, -1120.34, "T", "SMD", "VCC", "", "R", 31.75, 34.02, 0, 90],
		[11, "R2_1", 735, -1205.34, "T", "SMD", "GND", "GND", "R", 31.75, 34.02, 0, 270],
		[12, "R2_2", 735, -1264.66, "T", "SMD", "CC1", "", "R", 31.75, 34.02, 0, 270],
		[13, "R3_1", 735, -1474.66, "T", "SMD", "GND", "GND", "R", 31.75, 34.02, 0, 90],
		[14, "R3_2", 735, -1415.34, "T", "SMD", "CC2", "", "R", 31.75, 34.02, 0, 90],
		[15, "SW2_1", 1267.08, -1204.37, "T", "SMD", "$1N568", "", "R", 35.43, 31.5, 0, 0],
		[16, "SW2_2", 1402.91, -1204.37, "T", "SMD", "DP", "", "R", 35.43, 31.5, 0, 0],
		[17, "SW2_3", 1240.51, -1125.63, "T", "SMD", "SW2_3", "", "R", 23.62, 47.24, 0, 0],
		[18, "SW2_4", 1429.49, -1125.63, "T", "SMD", "SW2_4", "", "R", 23.62, 47.24, 0, 0],
		[19, "U1_1", 1053.09, -1495, "T", "SMD", "U1_1", "", "O", 22.05, 68.7, 0, 90],
		[20, "U1_2", 1053.09, -1445, "T", "SMD", "SW3", "", "O", 22.05, 68.7, 0, 90],
		[21, "U1_3", 1053.09, -1395, "T", "SMD", "SW1", "", "O", 22.05, 68.7, 0, 90],
		[22, "U1_4", 1053.09, -1345, "T", "SMD", "SW2", "", "O", 22.05, 68.7, 0, 90],
		[23, "U1_5", 1053.09, -1295, "T", "SMD", "U1_5", "", "O", 22.05, 68.7, 0, 90],
		[24, "U1_6", 1053.09, -1245, "T", "SMD", "U1_6", "", "O", 22.05, 68.7, 0, 90],
		[25, "U1_7", 1053.09, -1195, "T", "SMD", "U1_7", "", "O", 22.05, 68.7, 0, 90],
		[26, "U1_8", 1053.09, -1145, "T", "SMD", "U1_8", "", "O", 22.05, 68.7, 0, 90],
		[27, "U1_9", 826.91, -1145, "T", "SMD", "U1_9", "", "O", 22.05, 68.7, 0, 90],
		[28, "U1_10", 826.91, -1195, "T", "SMD", "U1_10", "", "O", 22.05, 68.7, 0, 90],
		[29, "U1_11", 826.91, -1245, "T", "SMD", "U1_11", "", "O", 22.05, 68.7, 0, 90],
		[30, "U1_12", 826.91, -1295, "T", "SMD", "DP", "", "O", 22.05, 68.7, 0, 90],
		[31, "U1_13", 826.91, -1345, "T", "SMD", "DN", "", "O", 22.05, 68.7, 0, 90],
		[32, "U1_14", 826.91, -1395, "T", "SMD", "GND", "GND", "O", 22.05, 68.7, 0, 90],
		[33, "U1_15", 826.91, -1445, "T", "SMD", "VCC", "", "O", 22.05, 68.7, 0, 90],
		[34, "U1_16", 826.91, -1495, "T", "SMD", "$1N574", "", "O", 22.05, 68.7, 0, 90],
		[35, "USB4_1", 653.5, -1239.01, "T", "SMD", "GND", "GND", "R", 21.65, 43.31, 0, 270],
		[36, "USB4_2", 653.5, -1270.52, "T", "SMD", "VCC", "", "R", 21.65, 43.31, 0, 270],
		[37, "USB4_3", 653.5, -1296.11, "T", "SMD", "USB4_3", "", "R", 11.81, 43.31, 0, 270],
		[38, "USB4_4", 653.5, -1315.8, "T", "SMD", "CC1", "", "R", 11.81, 43.31, 0, 270],
		[39, "USB4_5", 653.5, -1335.48, "T", "SMD", "DN", "", "R", 11.81, 43.31, 0, 270],
		[40, "USB4_6", 653.5, -1355.15, "T", "SMD", "DP", "", "R", 11.81, 43.31, 0, 270],
		[41, "USB4_7", 653.5, -1374.85, "T", "SMD", "DN", "", "R", 11.81, 43.31, 0, 270],
		[42, "USB4_8", 653.5, -1394.52, "T", "SMD", "DP", "", "R", 11.81, 43.31, 0, 270],
		[43, "USB4_9", 653.5, -1414.22, "T", "SMD", "USB4_9", "", "R", 11.81, 43.31, 0, 270],
		[44, "USB4_10", 653.5, -1433.9, "T", "SMD", "CC2", "", "R", 11.81, 43.31, 0, 270],
		[45, "USB4_11", 653.5, -1459.49, "T", "SMD", "VCC", "", "R", 21.65, 43.31, 0, 270],
		[46, "USB4_12", 653.5, -1490.99, "T", "SMD", "GND", "GND", "R", 21.65, 43.31, 0, 270],
		[47, "USB4_13", 631.86, -1194.72, "T", "DIP", "GND", "GND", "O", 43.31, 78.74, 59.05, 270],
		[48, "USB4_13", 631.86, -1194.72, "B", "DIP", "GND", "GND", "O", 43.31, 78.74, 59.05, 270],
		[49, "USB4_13", 466.49, -1194.72, "T", "DIP", "GND", "GND", "O", 47.24, 70.87, 47.24, 270],
		[50, "USB4_13", 466.49, -1194.72, "B", "DIP", "GND", "GND", "O", 47.24, 70.87, 47.24, 270],
		[51, "USB4_14", 631.86, -1535.28, "T", "DIP", "GND", "GND", "O", 43.31, 78.74, 59.06, 270],
		[52, "USB4_14", 631.86, -1535.28, "B", "DIP", "GND", "GND", "O", 43.31, 78.74, 59.06, 270],
		[53, "USB4_14", 466.5, -1535.28, "T", "DIP", "GND", "GND", "O", 47.24, 70.87, 47.24, 270],
		[54, "USB4_14", 466.5, -1535.28, "B", "DIP", "GND", "GND", "O", 47.24, 70.87, 47.24, 270]
	]
}
}